{"cameraMode":{"drawMode":0,"name":"Shaded","section":"Shading Mode"},"sceneLighting":false,"audioPlay":false,"sceneViewState":{"showFog":true,"showMaterialUpdate":false,"showSkybox":false,"showFlares":true,"showImageEffects":true,"showParticleSystems":true},"in2DMode":false,"pivot":{"x":9.820344924926758,"y":6.161827087402344,"z":-2.5099544525146486},"rotation":{"x":0.4500633180141449,"y":0.07422994077205658,"z":-0.036026861518621448,"w":0.8894859552383423},"size":9.17326545715332,"orthographic":false}