{"cameraMode":{"drawMode":0,"name":"Shaded","section":"Shading Mode"},"sceneLighting":false,"audioPlay":false,"sceneViewState":{"showFog":true,"showMaterialUpdate":false,"showSkybox":false,"showFlares":true,"showImageEffects":true,"showParticleSystems":true},"in2DMode":false,"pivot":{"x":0.7680686116218567,"y":3.4435770511627199,"z":-12.565202713012696},"rotation":{"x":-0.10762535780668259,"y":-0.8915068507194519,"z":0.332880437374115,"w":-0.2887067198753357},"size":6.999472618103027,"orthographic":false}