{"cameraMode":{"drawMode":0,"name":"Shaded","section":"Shading Mode"},"sceneLighting":false,"audioPlay":false,"sceneViewState":{"showFog":true,"showMaterialUpdate":false,"showSkybox":false,"showFlares":true,"showImageEffects":true,"showParticleSystems":true},"in2DMode":false,"pivot":{"x":-5.572429656982422,"y":1.2157871723175049,"z":-8.913129806518555},"rotation":{"x":0.21665732562541963,"y":-0.7731823325157166,"z":0.3491315245628357,"w":0.48363763093948367},"size":9.17326545715332,"orthographic":false}