{"cameraMode":{"drawMode":0,"name":"Shaded","section":"Shading Mode"},"sceneLighting":true,"audioPlay":false,"sceneViewState":{"showFog":false,"showMaterialUpdate":false,"showSkybox":false,"showFlares":false,"showImageEffects":false,"showParticleSystems":false},"in2DMode":false,"pivot":{"x":-0.5059530138969421,"y":4.110130786895752,"z":2.382327079772949},"rotation":{"x":-0.2885464131832123,"y":0.024985581636428834,"z":-0.007528048474341631,"w":-0.9571191072463989},"size":10.0,"orthographic":false}